Country_Code,Country_Name,LP_Year,Learning_Poverty,F5_Internet_Usage,F1_GDP_per_capita,F8_Gender_Parity_Index,F7_Completion_Rate,F3_Pupil_Teacher_Ratio,F6_Net_Enrollment,F2_Gov_Edu_Exp,F4_Stunting_Rate,N1_Under5_Mortality,N2_Adolescent_Fertility,N3_Electricity_Access,N4_Physicians_per_1000,N5_Child_Marriage_Female,G1_Gov_Effectiveness,G2_Corruption_Control,G3_Rule_of_Law,G_AVG_Governance,GDP_Quartile,log_GDP,LP_Predicted_by_GDP,Residual,Deviance_Group
ALB,Albania,2021,10.236815452575684,83.13559161,20481.0358398226,1.01776003837585,95.1351520460518,17.57287,94.52966,3.09153008460998,11.3,9.4,12.789,100.0,1.879,11.8,0.250855356454849,-0.332218527793884,-0.164097368717194,-0.0818201800187429,"Q2
(저소득)",9.927254655990753,39.40274097250585,-29.16592551993017,Positive
ARE,United Arab Emirates,2021,25.91624641418457,100.0,70239.8552855072,1.00943005084991,99.1737916980463,24.52278,95.02753,3.89404010772705,4.220000000000001,5.0,3.103,100.0,2.992,0.18,1.60428190231323,1.07366383075714,0.881900131702423,1.1866152882575978,"Q4
(고소득)",11.159671168020816,8.96214943294217,16.9540969812424,Negative
ARG,Argentina,2019,59.14719009399414,89.22897166,27230.3968496682,1.00501000881195,98.9436486948575,15.625510000000002,99.184,5.00324010848999,8.7,9.7,26.414,100.0,5.106,15.5,-0.377517342567444,-0.360883951187134,-0.410826534032822,-0.3830759425958001,"Q3
(중소득)",10.212089159548686,32.367350993107436,26.779839100886704,Negative
ARM,Armenia,2019,27.241146087646484,79.99663036,19402.7510915578,1.00578999519348,94.3309098054628,15.41859,90.72273,2.43869996070862,9.4,10.0,13.445,100.0,3.36,5.3,-0.184129968285561,0.0583996474742889,-0.122017979621887,-0.082582766811053,"Q2
(저소득)",9.873170143840682,40.73862419616128,-13.497478108514798,Positive
AUS,Australia,2021,9.063639640808104,96.1160965,60684.9596204883,0.998040020465851,100.88402261863264,12.135102,96.38096,5.05915021896362,4.0200000000000005,3.7,6.715,100.0,4.086,0.2199999999999999,1.58987963199615,1.78120493888855,1.52318394184113,1.6314228375752766,"Q4
(고소득)",11.013451164144975,12.5737721022669,-3.510132461458797,Middle
AUT,Austria,2021,14.969030380249023,95.33467117,64536.2981841434,0.994930028915405,98.030403137207,10.01653,88.61718,5.27749013900757,4.0200000000000005,3.3,3.836,100.0,5.515,0.2199999999999999,1.32668149471283,1.1336532831192,1.74656546115875,1.4023000796635934,"Q4
(고소득)",11.074983107037266,11.053937921260513,3.9150924589885108,Middle
AZE,Azerbaijan,2021,37.54677200317383,89.0,21310.7386915022,1.01040995121002,96.2334128073598,15.42982,92.42467,3.66036009788513,6.6,18.7,34.767,100.0,3.185,10.9,-0.0326422192156315,-1.19547140598297,-0.566586077213287,-0.5982332341372962,"Q2
(저소득)",9.966966388569878,38.42186428108738,-0.8750922779135522,Middle
BDI,Burundi,2019,95.81885528564452,7.172299862,1036.16712196238,1.01317000389099,47.609493213452,42.52383,92.8047,4.87114173892375,58.0,48.7,53.364,11.6,0.078,19.0,-1.20011341571808,-1.55602598190308,-1.25105631351471,-1.3357319037119566,"Q1
(최저소득)",6.9432837244451235,113.10658979832888,-17.287734512684366,Positive
BEL,Belgium,2021,8.52700424194336,94.62625074,63095.4017281289,1.01420998573303,104.52909974856288,11.27695,98.76482,6.27611017227173,1.9,3.7,3.67,100.0,3.574,0.1,1.03702199459076,1.3368444442749,1.29537487030029,1.22308043638865,"Q4
(고소득)",11.052403173102622,11.611660524930073,-3.084656282986714,Middle
BEN,Benin,2019,55.77610397338867,32.39400101,3721.21254814808,0.925650000572205,61.6417503356934,39.19712,97.21103,3.22974322056608,34.1,77.2,77.844,57.0,0.216,27.5,-0.218984127044678,-0.0495794489979744,-0.505709648132324,-0.2580910747249921,"Q1
(최저소득)",8.221804847959039,81.5272179579735,-25.751113984584833,Positive
BFA,Burkina Faso,2019,73.86119079589844,25.36120033,2486.20669812871,1.01706540584564,51.6947761170006,39.72173,78.64517,5.32757840997187,21.1,77.4,87.082,21.7,0.148,38.2,-0.826227486133575,-0.169615507125854,-0.741778969764709,-0.5792073210080461,"Q1
(최저소득)",7.818513413477029,91.48848487434222,-17.627294078443782,Positive
BGD,Bangladesh,2022,51.220001220703125,44.50274195,8242.39798977242,1.01849806308746,98.0281882152568,30.05459,91.09434,2.16213826344701,23.6,30.6,73.179,99.5,0.722,51.4,-0.697334110736847,-1.12086641788483,-0.502657234668732,-0.7736192544301365,"Q1
(최저소득)",9.017046598742207,61.884808858047876,-10.664807637344751,Middle
BGR,Bulgaria,2021,18.185699462890625,80.38956462,33073.8179631314,0.994620025157928,94.4560775756836,15.20744,86.4454,4.50109004974365,11.6,5.9,39.098,100.0,4.328,9.44,0.047112051397562,-0.137721657752991,-0.0068576806224882,-0.0324890956593057,"Q3
(중소득)",10.406497250268387,27.565486344412648,-9.379786881522023,Middle
BHR,Bahrain,2021,30.165699005126957,100.0,57819.9051831242,0.994170010089874,88.56187958298,11.92315,96.71489,1.88778167912993,2.06,8.6,7.535,100.0,0.741,0.22,0.697198748588562,0.177784815430641,0.468770444393158,0.4479180028041203,"Q4
(고소득)",10.965088375706042,13.768329197383082,16.397369807743875,Negative
BRA,Brazil,2019,46.89786148071289,84.15060238,19079.8122132253,0.952139973640442,96.05074698255616,20.22308,96.29925,5.61920976638794,8.0,14.4,42.686,99.8,2.357,13.919999999999998,-0.546764314174652,-0.503643155097961,-0.308802843093872,-0.4530701041221617,"Q2
(저소득)",9.856386102879698,41.153188696303374,5.7446727844095165,Middle
CAN,Canada,2016,4.3018574714660645,94.14530182,57517.4431587432,0.993439972400665,96.04386090194755,13.259338000000003,99.8825,4.84426021575928,2.06,5.4,4.805,100.0,2.819,0.22,1.51680326461792,1.67150104045868,1.47300565242767,1.553769985834757,"Q4
(고소득)",10.959843540063808,13.897876227886968,-9.596018756420904,Middle
CHL,Chile,2019,27.1904296875,94.45742345,29563.6780243659,0.967980027198792,100.907341003418,17.79358,94.74067,4.91201019287109,10.6,6.9,6.542,100.0,3.334,9.62,0.71755576133728,0.968603789806366,0.625093758106232,0.7704177697499593,"Q3
(중소득)",10.294301793044697,30.336705370288257,-3.146275682788257,Middle
CHN,China,2016,18.200000762939453,90.6,22687.0758723942,1.00856995582581,98.7388199180295,16.42675,94.352682,3.89714002609253,4.8,6.1,5.227,100.0,3.112,2.8,0.679014027118683,-0.0053701046854257,-0.0401299707591534,0.2111713172247012,"Q2
(저소득)",10.029550696502733,36.87603676581645,-18.676036002876998,Positive
CIV,Cote d'Ivoire,2019,79.88542175292969,40.65284979,6520.89886460031,0.956358850002289,75.870809116479,41.8223,90.32837,3.39421010017395,23.4,66.5,92.085,72.4,0.166,25.8,-0.359512031078339,-0.313007414340973,-0.461197137832642,-0.3779055277506513,"Q1
(최저소득)",8.782767508087273,67.67148408941097,12.21393766351872,Middle
CMR,Cameroon,2019,71.9326171875,42.24380112,4875.25120768005,0.901210010051727,72.2156986466489,44.83412,92.87395,2.83907623667935,28.9,67.0,106.661,72.0,0.136,29.8,-0.906262576580048,-1.16255974769592,-1.03819787502289,-1.035673399766286,"Q1
(최저소득)",8.491926911884857,74.8552240877801,-2.922606900280101,Middle
COD,"Congo, Dem. Rep.",2019,96.60150146484376,18.96789932,1559.33806475859,0.947830021381378,75.7079315185547,33.19793,81.066224,2.84466514463005,44.7,91.3,106.884,22.1,0.208,29.1,-1.68906629085541,-1.48051190376282,-1.67073619365692,-1.61343812942505,"Q1
(최저소득)",7.352016692733012,103.01091742218537,-6.409415957341608,Middle
COG,"Congo, Rep.",2019,70.0140151977539,43.15039825,6172.28776650683,0.972339987754822,71.1370697021484,36.770276,85.239104,3.34005209256916,23.839999999999996,40.3,109.88,51.3,0.173,27.3,-1.33428740501404,-1.34527885913849,-1.02058732509613,-1.2333845297495534,"Q1
(최저소득)",8.727824836911203,69.02856377394744,0.9854514238064667,Middle
COL,Colombia,2019,51.35694122314453,77.33686322,18382.9976800475,0.966480016708374,97.1171035766602,23.3015,92.91999,5.26166009902954,12.7,11.9,59.473,98.7,2.535,23.4,-0.075877919793129,-0.309191286563873,-0.458272933959961,-0.281114046772321,"Q2
(저소득)",9.81918147728189,42.07214004120195,9.284801181942584,Middle
CRI,Costa Rica,2019,34.02406692504883,85.39514799,25979.6286150717,0.99126672744751,100.666328430176,12.2047,97.33255,5.31208992004395,9.0,10.1,26.251,100.0,2.687,17.1,0.260196477174759,0.653749406337738,0.389316648244858,0.4344208439191184,"Q3
(중소득)",10.165067995090533,33.52877008074003,0.49529684430879684,Middle
CYP,Cyprus,2021,10.24965763092041,91.22110357,51453.7265625,0.99371999502182,101.446708679199,12.03922,97.49342,4.74210977554321,1.98,4.6,6.981,100.0,3.556,1.3199999999999998,0.73773992061615,0.332707405090332,0.628040313720703,0.5661625464757284,"Q4
(고소득)",10.848438169397232,16.649580177543385,-6.3999225466229746,Middle
CZE,Czechia,2021,14.206607818603516,85.99404818,47558.4106763314,1.00294995307922,98.7293701171875,12.280348,89.3503,4.30291986465454,2.08,2.6,5.979,100.0,4.352,4.24,1.1140114068985,0.767809867858887,1.14218366146088,1.008001645406089,"Q3
(중소득)",10.76971393301194,18.594062664329726,-4.387454845726211,Middle
DEU,Germany,2021,15.439902305603027,92.4763763,63039.3719696432,1.0077600479126,99.2837371826172,12.30285,90.14286,5.23916006088257,1.3,3.7,5.473,100.0,4.534,0.2199999999999999,1.18541669845581,1.66416621208191,1.55120778083801,1.466930230458577,"Q4
(고소득)",11.051514762071653,11.633604207969881,3.806298097633146,Middle
DNK,Denmark,2021,5.136589050292969,98.77559197,69379.22000847,0.999549984931946,99.2550430297852,14.87175,98.53748,6.35586023330688,4.220000000000001,3.9,1.14,100.0,4.498,0.7,2.01564884185791,2.37605309486389,1.90893590450287,2.1002126137415567,"Q4
(고소득)",11.147342678149649,9.266662169346262,-4.130073119053293,Middle
DOM,Dominican Republic,2019,77.71785736083984,86.12689972,23282.4895071054,0.970000028610229,91.6880720478921,18.92322,92.71356,3.7606477375256,6.7,31.5,52.774,99.6,2.426,31.5,0.12803441286087,-0.449474930763245,-0.128592282533646,-0.1500109334786736,"Q2
(저소득)",10.055456833718395,36.23615720103288,41.48170015980696,Negative
ECU,Ecuador,2019,65.93712615966797,72.6943146,14343.0190134813,1.01957535743713,100.199679503356,24.26216,90.94167,3.81964993476868,17.5,13.0,55.531,98.7,2.313,22.2,-0.494244992733002,-0.647337436676025,-0.957790791988373,-0.6997910737991333,"Q2
(저소득)",9.571018622921258,48.20174315114468,17.735383008523286,Negative
EGY,"Egypt, Arab Rep.",2021,56.1192741394043,74.01190186,16691.387399222,1.00809001922607,93.8413993972316,23.67945,97.03257,3.608227144445342,12.8,22.9,41.754,100.0,0.671,15.8,-0.239516973495483,-0.747790396213531,-0.184178426861763,-0.3904952655235923,"Q2
(저소득)",9.722648140775691,44.4565059092769,11.662768230127398,Middle
ESP,Spain,2021,7.300080299377441,95.44564516,47322.5937004504,1.01031005382538,99.5605087280273,13.13172,97.27171,4.58553981781006,2.08,3.2,4.809,100.0,4.294,4.24,0.752065539360046,0.629368722438812,0.822885692119598,0.7347733179728188,"Q3
(중소득)",10.764743128518573,18.716841146870763,-11.416760847493322,Middle
ETH,Ethiopia,2015,90.38964080810548,20.33749962,2757.95923634026,0.912419974803925,55.0561499631858,42.352534,84.62346,2.9272447768927,36.8,51.5,69.865,55.4,0.143,40.3,-0.768662095069885,-0.465061634778976,-0.670203268527985,-0.634642332792282,"Q1
(최저소득)",7.92224627809183,88.9262912245942,1.4633495835112882,Middle
FIN,Finland,2021,4.781126976013184,93.51385075,56250.8787899319,0.997009992599487,98.9240798950195,13.66688,98.62944,6.37578010559082,2.8,2.4,3.095,100.0,3.609,0.1,1.73860657215118,2.22151660919189,1.96704590320587,1.97572302818298,"Q4
(고소득)",10.937576942876753,14.447859438376895,-9.666732462363711,Middle
FRA,France,2021,6.636741638183594,86.83635789,54296.7230897731,0.992519974708557,99.4151458740234,13.72124,98.92727,5.32434988021851,2.44,4.3,3.507,100.0,3.281,1.32,1.14462625980377,1.18482184410095,1.18057084083557,1.17000631491343,"Q4
(고소득)",10.902219155846359,15.321194014982154,-8.68445237679856,Middle
GAB,Gabon,2019,30.67756080627441,68.19789886,18701.4227766897,0.967231214046478,95.5723443005305,21.008166,94.834908,2.31594287726056,14.4,33.8,91.707,94.1,0.521,13.3,-0.779809296131134,-1.01552844047546,-0.872693359851837,-0.8893436988194771,"Q2
(저소득)",9.83635488426337,41.647958230780745,-10.970397424506334,Middle
GBR,United Kingdom,2021,3.3939032554626465,95.44719696,52592.6822066393,0.997720003128052,101.071876525879,15.13275,99.49182,5.90681982040405,2.0,4.6,8.359,100.0,3.301,0.0,1.16114270687103,1.48091387748718,1.39836597442627,1.3468075195948266,"Q4
(고소득)",10.87033226750072,16.108797665308487,-12.71489440984584,Middle
GEO,Georgia,2021,13.526374816894531,81.88425624,22590.5293649146,1.00732004642487,106.243340748079,8.98194,96.43624,3.70918011665344,5.8,8.8,21.137,100.0,5.642,13.9,0.791285872459412,0.617694795131683,0.177279338240623,0.5287533352772393,"Q2
(저소득)",10.025286042782644,36.9813733794399,-23.45499856254537,Positive
GIN,Guinea,2019,82.6748275756836,32.31560135,3904.82395527998,0.848070025444031,59.8791389465332,47.14862,76.01588,1.72470879088585,26.1,95.0,118.577,51.1,0.21,46.5,-0.907938599586487,-0.897673428058624,-1.11396610736847,-0.9731927116711936,"Q1
(최저소득)",8.269967979383043,80.33759237552377,2.3372352001598244,Middle
GTM,Guatemala,2019,78.51618957519531,56.72669983,12384.948508094,0.984549999237061,85.8256653187583,20.26228,86.88631,3.10877990722656,46.0,21.2,68.269,100.0,1.281,29.5,-0.897167265415192,-1.12161290645599,-1.07527709007263,-1.0313524206479374,"Q2
(저소득)",9.424237184312394,51.827233214501575,26.688956360693737,Negative
HKG,"Hong Kong SAR, China",2021,5.390165328979492,95.97781908,64434.5576690871,1.042799949646,105.857142857143,13.34788,95.45476,3.80328011512756,4.0200000000000005,3.859999999999999,1.12,100.0,4.2874,0.2199999999999999,1.189388918876649,1.3397906184196464,1.3223484814167017,1.2838426729043324,"Q4
(고소득)",11.073405377937341,11.092907706736469,-5.702742377756977,Middle
HND,Honduras,2019,79.2916030883789,58.0685997,6467.8800352783,0.9523616671562196,73.4535986087997,25.59773,80.09489,4.54962037172702,18.7,15.5,82.079,95.6,0.489,34.0,-0.795222759246826,-1.11195814609528,-1.09500813484192,-1.000729680061342,"Q1
(최저소득)",8.774603673103579,67.87313017554274,11.418472912836165,Middle
HRV,Croatia,2021,3.890544176101685,83.24117599,41320.2032633085,1.00203001499176,100.516410827637,13.50611,88.0407,4.0916600227356,3.4200000000000004,5.1,6.57,100.0,3.909,5.62,0.712653696537018,0.181928679347038,0.36060556769371,0.4183959811925886,"Q3
(중소득)",10.62910684246902,22.067046812954175,-18.17650263685249,Positive
HUN,Hungary,2021,9.155691146850586,91.4500713,40333.2546888118,0.979170024394989,96.809211730957,10.76744,90.83399,3.8011999130249,6.4,3.8,17.537,100.0,3.456,6.459999999999999,0.372758895158768,-0.0004981306265108,0.427084535360336,0.266448433297531,"Q3
(중소득)",10.604931586044698,22.664173757451863,-13.508482610601277,Positive
IDN,Indonesia,2015,52.82275390625,69.20836554,13889.9749067297,0.967230021953583,99.9521715181012,17.03493,93.4963,1.27517088245674,22.0,18.4,26.419,99.4,0.524,16.3,0.58032637834549,-0.48687219619751,-0.153604462742805,-0.0200500935316083,"Q2
(저소득)",9.538922629175822,48.994511688505355,3.828242217744645,Middle
IND,India,2017,56.070560455322266,60.25230026,9301.75603225735,1.01563942432404,93.4889604461665,32.74955,91.96063999999998,4.09865814174589,35.5,28.0,14.06,99.5,0.723,22.3,0.47511014342308,-0.366014748811722,0.188364565372467,0.0991533199946083,"Q1
(최저소득)",9.1379584819898,58.89829479052975,-2.827734335207481,Middle
IRL,Ireland,2021,2.330512762069702,96.8660965,117862.128878959,0.996510028839111,93.7389526367188,12.630612,95.78041,2.90461993217468,4.8,3.8,4.069,100.0,3.875,0.1999999999999999,1.59114551544189,1.5752888917923,1.63358354568481,1.6000059843063337,"Q4
(고소득)",11.6772708210063,-3.822521547810368,6.15303430988007,Middle
IRN,"Iran, Islamic Rep.",2021,41.53630065917969,83.71050262,17044.8173461033,1.06061995029449,97.4371566772461,28.52479,99.70291,2.82443290958712,4.8,11.7,26.204,100.0,1.811,17.639999999999997,-1.02239692211151,-1.23189043998718,-1.06095492839813,-1.10508076349894,"Q2
(저소득)",9.743601468533555,43.93896035106212,-2.402659691882434,Middle
ISR,Israel,2021,14.399215698242188,87.03842615,47527.151024672,1.01163995265961,96.9190902709961,12.07069,97.01884,5.93291997909546,2.08,3.4,6.204,100.0,3.797,4.24,1.1453697681427,0.829359412193298,0.783846437931061,0.9195252060890198,"Q3
(중소득)",10.769056427240791,18.610303005496064,-4.211087307253877,Middle
ITA,Italy,2021,5.496755599975586,87.0278292,52870.3261442897,0.999210000038147,97.3619613647461,11.48066,95.65574,4.06775999069214,1.98,2.8,2.852,100.0,4.191,1.32,0.611036896705627,0.550129175186157,0.390358686447144,0.5171749194463093,"Q4
(고소득)",10.875597518007323,15.978746389250034,-10.481990789274448,Middle
JOR,Jordan,2021,62.24605178833008,92.53443944,9381.35436036929,0.987789988517761,97.1706496556539,18.53699,80.8644,3.51486315596325,8.2,13.3,18.425,100.0,2.851,9.7,0.386213511228561,0.0886586904525757,0.257768124341965,0.2442134420077005,"Q1
(최저소득)",9.146479419676384,58.687828295542516,3.558223492787562,Middle
JPN,Japan,2019,3.595027446746826,85.00990295,45858.6595131439,1.00253999233246,96.16651889211188,15.66096,92.88987,3.33663988113403,2.08,2.4,1.737,100.0,2.649,4.24,1.63126504421234,1.3956606388092,1.53553938865662,1.5208216905593863,"Q3
(중소득)",10.733319326005274,19.49300661332626,-15.897979166579432,Positive
KAZ,Kazakhstan,2021,10.414955139160156,92.87846096,34703.2349286604,0.997829973697662,103.073237596239,17.21457,86.85584,4.86469984054565,8.0,9.6,18.235,100.0,3.754,7.0,0.146814674139023,-0.26659306883812,-0.446781367063522,-0.188853253920873,"Q3
(중소득)",10.454588187199523,26.37764396029513,-15.962688821134975,Positive
KEN,Kenya,2023,79.28633880615234,32.07040024,5691.82513474417,0.970903754234314,102.200240064297,30.65055,85.760786,3.96229304413263,17.6,39.6,56.313,76.2,0.289,12.5,-0.303605198860168,-0.770913004875183,-0.326221644878387,-0.466913282871246,"Q1
(최저소득)",8.646786237505259,71.03021084648725,8.256127959665093,Middle
KHM,Cambodia,2019,90.00334930419922,68.92549896,6695.29194763723,0.981125771999359,87.630151233724,41.7035,90.26554,2.1809128340295,21.9,19.1,46.89,95.0,0.211,17.9,-0.305874288082123,-1.29921674728394,-0.819127440452576,-0.8080728252728796,"Q1
(최저소득)",8.809159863991137,67.01959496102452,22.983754343174695,Negative
KOR,"Korea, Rep.",2019,3.2300806045532227,97.41597478,54029.3434990785,0.998160004615784,98.2711029052734,16.28669,97.25516,5.40910005569458,0.9,2.9,0.537,100.0,2.61,1.32,1.40480732917786,0.894088566303253,1.24850225448608,1.1824660499890645,"Q4
(고소득)",10.897282576090193,15.443127149188854,-12.213046544635631,Middle
KWT,Kuwait,2016,51.0825309753418,99.74731125,47777.4012284844,1.15374994277954,80.4330430689574,8.88073,82.63321,5.0262608311279,3.2,8.4,1.576,100.0,2.273,4.24,0.0075402706861496,0.206611827015877,0.341668486595154,0.1852735280990602,"Q3
(중소득)",10.774308029038188,18.48058885148845,32.60194212385335,Negative
LAO,Lao PDR,2019,97.71728515625,64.39800262,8372.15591874407,0.972314178943634,88.83898879882,22.33717,91.46712,1.23375160355741,32.8,30.5,81.654,96.5,0.331,32.7,-0.6432785987854,-0.973836362361908,-0.832905530929565,-0.8166734973589577,"Q1
(최저소득)",9.032666707227165,61.498993399107746,36.218291757142254,Negative
LKA,Sri Lanka,2015,14.806066513061523,51.2,13024.9404319855,1.00074994564056,94.542850980354,21.73735,99.10711,1.82774571561927,10.3,6.1,15.091,100.0,1.136,9.8,-0.25227889418602,-0.383976995944977,-0.0906768143177032,-0.2423109014829,"Q2
(저소득)",9.474621293251072,50.58274966099839,-35.776683147936865,Positive
LSO,Lesotho,2016,96.89913940429688,48.98590088,2595.82951058542,0.951355755329132,66.9579010009766,32.94806,93.31062,7.29011355590957,34.6,61.3,70.642,57.3,0.235,16.4,-0.953606307506561,-0.509478509426117,-0.480017185211182,-0.6477006673812866,"Q1
(최저소득)",7.861661401778843,90.42273293510064,6.476406469196235,Middle
LTU,Lithuania,2021,3.275724411010742,88.50287484,46159.7081733083,1.00065994262695,105.190582275391,13.51703,98.17529,4.25285005569458,1.0,3.4,5.854,100.0,4.466,0.2,1.05012118816376,0.781545519828796,1.26719617843628,1.0329542954762785,"Q3
(중소득)",10.739862579093286,19.331388773376943,-16.0556643623662,Positive
LVA,Latvia,2021,8.437901496887207,92.18791291,37277.7217221317,1.00128996372223,97.5514907836914,11.53684,96.30354,4.3196702003479,0.5,2.8,7.565,100.0,3.398,6.460000000000001,0.696560978889465,0.698113977909088,1.03986096382141,0.8115119735399876,"Q3
(중소득)",10.526151154328312,24.610044264524788,-16.17214276763758,Positive
MAC,"Macao SAR, China",2021,7.189741611480713,89.82640076,104815.20003062,0.978659987449646,89.5238095238095,13.49843,96.39553,3.50183010101318,4.8,4.26,0.465,100.0,3.6774,0.1999999999999999,1.6246332883834842,1.5109273910522458,1.496260666847228,1.543940448760986,"Q4
(고소득)",11.559954078812133,-0.9248071833685003,8.114548794849213,Middle
MAR,Morocco,2021,59.7595329284668,91.0,8915.3515625,0.972779989242554,104.762394206542,26.80065,99.09904,6.02096928801329,14.2,16.3,25.103,100.0,0.74,13.7,-0.0359151102602482,-0.536348581314087,-0.127505928277969,-0.2332565399507681,"Q1
(최저소득)",9.095529964460814,59.94627585790576,-0.18674292943896376,Middle
MDG,Madagascar,2019,95.24203491210938,18.24080086,1629.46097248642,1.01724004745483,58.3078522383415,39.81169,95.60378,3.04770386693564,39.8,63.6,129.802,39.4,0.172,38.8,-1.02277612686157,-1.00018215179443,-0.974946022033691,-0.9993014335632304,"Q1
(최저소득)",7.396004547384119,101.92442084974786,-6.682385937638486,Middle
MEX,Mexico,2019,47.63417816162109,81.18318755,21917.24858366,1.00940001010895,103.764976501465,26.55228,95.30064,4.05987977981567,12.5,13.4,60.099,99.7,2.588,20.7,-0.198361441493034,-1.02057874202728,-0.806393921375275,-0.6751113682985297,"Q2
(저소득)",9.995029212365123,37.72871472632309,9.905463435297996,Middle
MKD,North Macedonia,2021,33.02886962890625,88.5,23455.319400522,0.999520003795624,95.7642974853516,14.91335,94.8883,3.817441551594474,4.3,3.4,12.963,100.0,2.944,7.5,-0.0513173453509808,-0.34861546754837,-0.168044894933701,-0.1893259026110172,"Q2
(저소득)",10.062852588257647,36.05348264185696,-3.0246130129507094,Middle
MLT,Malta,2021,10.160184860229492,92.07266941,60418.3949311068,0.996710002422333,97.1002807617188,12.93931,99.53764,4.71258020401001,3.3,5.5,10.398,100.0,4.513,0.2199999999999999,0.397335052490234,0.10974658280611,0.702327609062195,0.4031364147861797,"Q4
(고소득)",11.009048889395926,12.682507944551276,-2.5223230843217834,Middle
MMR,Myanmar,2019,89.46794128417969,45.4477005,5364.13797034429,0.95550000667572,105.356811523438,24.3599,97.93192,1.99976003170013,26.7,38.1,33.506,76.8,0.757,16.0,-1.75280201435089,-1.21649932861328,-1.61694085597992,-1.52874739964803,"Q1
(최저소득)",8.58749096561147,72.494799428616,16.973141855563682,Negative
MNE,Montenegro,2021,15.811262130737305,88.5515976,27243.51720726,1.00494003295898,106.734153747559,14.044726,96.54847,4.679148006439211,7.2,2.5,9.375,100.0,2.783,5.8,0.247063115239143,-0.0793098732829094,-0.0421564690768719,0.0418655909597872,"Q3
(중소득)",10.212570871137531,32.35545275450647,-16.54419062376917,Positive
MYS,Malaysia,2019,42.025634765625,97.69272633,32857.6676600774,1.0134334564209,91.8132677411604,11.6556,99.64564,3.51481008529663,21.2,8.3,5.962,100.0,2.341,9.44,0.875369668006897,0.295621365308762,0.571915447711945,0.5809688270092014,"Q3
(중소득)",10.399940410985689,27.727439762309018,14.298195003315982,Middle
NER,Niger,2019,90.43682098388672,12.98079967,1689.56425367067,0.912519991397858,45.7957488996882,36.33661,65.12458,4.07412707618114,47.7,113.5,145.324,20.1,0.038,37.14,-0.640915930271149,-0.563843965530396,-0.70808869600296,-0.6376161972681683,"Q1
(최저소득)",7.4322259366064785,101.02975536648754,-10.592934382600816,Middle
NIC,Nicaragua,2019,78.90349578857422,60.30120087,7496.5292687685,0.993812501430511,81.7195205688477,32.303058,90.250992,2.86954998970032,24.08,13.8,93.452,88.3,0.682,32.36,-1.08494555950165,-1.38844013214111,-1.27818691730499,-1.2505242029825834,"Q1
(최저소득)",8.92219542825182,64.22762535698564,14.675870431588578,Negative
NLD,Netherlands,2021,4.4913740158081055,97.00680272,70198.9297909022,0.998040020465851,102.4086770753373,11.80592,98.64765,5.17918014526367,4.220000000000001,3.9,1.858,100.0,3.876,0.18,1.62553191184998,1.86710047721863,1.64250445365906,1.7117122809092231,"Q4
(고소득)",11.159088344753851,8.976545122091295,-4.48517110628319,Middle
NOR,Norway,2021,4.294078350067139,99.00000258,90085.4382059786,1.00313997268677,98.9264831542969,8.59418,99.88251,5.43234014511108,4.8,2.4,1.405,100.0,4.975,0.0,1.79993534088135,2.11352157592773,1.83398151397705,1.9158128102620433,"Q4
(고소득)",11.408513812399168,2.81575556268416,1.4783227873829787,Middle
NZL,New Zealand,2021,10.861350059509276,93.32610321,49508.2697230172,1.0025600194931,94.99041415578364,14.91552,99.11677,5.21326017379761,1.6200000000000003,4.9,10.879,100.0,3.611,1.3199999999999998,1.5299768447876,2.08409547805786,1.70570802688599,1.77326011657715,"Q4
(고소득)",10.809894999714418,17.60159345674066,-6.740243397231383,Middle
OMN,Oman,2021,40.61376190185547,95.25170135,37793.6164427762,0.996529996395111,86.5904581737646,9.67394,86.25355,4.38311004638672,11.4,10.4,5.986,100.0,1.992,6.460000000000001,0.274613231420517,0.215157955884933,0.612812101840973,0.3675277630488076,"Q3
(중소득)",10.53989549017109,24.270560243263617,16.343201658591852,Negative
PAK,Pakistan,2019,79.54325103759766,18.935,5418.7693189297,0.881079971790314,68.6482822316824,44.0773,67.5748,1.94658005237579,37.6,57.8,41.095,95.6,1.16,18.3,-0.577790379524231,-0.999357461929321,-0.859885513782501,-0.8123444517453509,"Q1
(최저소득)",8.597624005722903,72.24451412971325,7.298736907884404,Middle
PAN,Panama,2019,78.51261138916016,68.54851592,35872.9506479276,0.989219427108765,93.2789665970772,21.96162,86.23979,2.47225999832153,15.9,15.1,57.342,97.0,1.625,9.52,-0.209720730781555,-0.62809419631958,-0.3459812104702,-0.3945987125237783,"Q3
(중소득)",10.487738826633796,25.5588257568358,52.953785632324355,Negative
PER,Peru,2019,44.44244384765625,79.48484477,15327.5819994558,0.970359981060028,94.9881591796875,17.38724,95.65167,4.24538993835449,11.5,13.3,43.562,96.2,1.688,14.1,-0.491872787475586,-0.721040904521942,-0.538132667541504,-0.583682119846344,"Q2
(저소득)",9.637409229448389,46.56190035803954,-2.119456510383287,Middle
PHL,Philippines,2019,90.91326141357422,77.86699677,9898.53294588746,0.976957738399506,77.2485372465695,29.08352,93.7756,3.6236863467978,26.7,27.0,31.887,98.0,0.792,9.4,0.154091909527779,-0.537639975547791,-0.41814711689949,-0.267231727639834,"Q2
(저소득)",9.200141837857766,57.362370759929064,33.550890653645155,Negative
POL,Poland,2021,5.55067777633667,86.414744,43672.7668014946,0.96372002363205,94.6803894042969,10.18051,95.78475,4.31372976303101,1.0,4.3,6.191,100.0,4.031,5.619999999999999,0.421437799930573,0.565399944782257,0.458741247653961,0.4818596641222636,"Q3
(중소득)",10.684480001502509,20.69933411198008,-15.148656335643409,Positive
PRT,Portugal,2021,7.977720737457275,85.79012676,41768.2549192626,0.988300025463104,104.516647338867,12.35346,97.56411,4.55160999298096,3.2,3.2,6.985,100.0,5.851,5.62,0.987550020217896,0.696312069892883,1.06766510009766,0.9171757300694796,"Q3
(중소득)",10.639891878291037,21.80065727095041,-13.822936533493134,Positive
PRY,Paraguay,2019,77.74401092529297,78.09481878,15826.087501295,0.969376385211945,90.271367469734,22.177714,95.365024,3.393709897995,5.6,16.9,70.332,99.8,3.893,21.6,-0.462065368890762,-1.05772292613983,-0.582174599170685,-0.7006542980670923,"Q2
(저소득)",9.669414965112214,45.77136118824143,31.97264973705154,Negative
QAT,Qatar,2021,21.058874130249023,98.15229797,116563.992526162,1.02335000038147,93.1810913085938,12.1676,94.09431,3.23368000984192,6.2,6.0,5.693,100.0,3.022,0.1999999999999999,1.19741261005402,0.702209830284119,0.932885050773621,0.94416916370392,"Q4
(고소득)",11.666195693252284,-3.5489667577555792,24.607840888004603,Negative
RUS,Russian Federation,2021,3.764247417449951,92.24496346,39887.33984375,0.990400016307831,100.024342021158,21.25883,95.09612,4.16454853394225,6.4,5.3,12.974,100.0,5.111,6.2,-0.712461888790131,-1.10467827320099,-1.18764269351959,-1.001594285170237,"Q3
(중소득)",10.59381425537944,22.9387709561164,-19.17452353866645,Positive
SAU,Saudi Arabia,2021,32.40557861328125,100.0,64481.8441927288,1.01462996006012,119.840624867605,13.81495,94.5456,4.48087978363037,10.8,6.2,11.114,100.0,3.406,0.2199999999999999,0.796441078186035,0.536042988300323,0.414570838212967,0.582351634899775,"Q4
(고소득)",11.074138977775368,11.074787848064602,21.330790765216648,Negative
SEN,Senegal,2019,68.56822967529297,59.18740082,4304.76148720232,1.16403996944427,61.5314165000969,36.31817,75.3821,6.16277045366329,17.5,38.2,60.242,74.2,0.109,30.5,0.0696751922369003,0.0578322261571884,-0.273632854223251,-0.0487084786097207,"Q1
(최저소득)",8.367477011657378,77.92912689822194,-9.360897222928969,Middle
SGP,Singapore,2021,3.3700108528137207,94.28518987,129555.245509242,0.999549984931946,96.8465629805147,14.69428,99.66959,2.1037700176239,4.8,2.6,2.16,100.0,2.834,0.1,2.31747198104858,2.04018402099609,1.75317537784576,2.03694379329681,"Q4
(고소득)",11.771862675400127,-6.158932959427489,9.52894381224121,Middle
SLV,El Salvador,2019,69.07362365722656,62.61989975,11424.6459176917,0.9859875321388236,80.8345580048987,26.89473,80.99537,3.18734002113342,10.0,10.4,54.23,98.3,1.616,19.7,0.0504390224814415,-0.561315059661865,-0.369357317686081,-0.2934111182888348,"Q2
(저소득)",9.343528223395206,53.82073824212881,15.25288541509775,Negative
SRB,Serbia,2021,8.846851348876953,85.35746686,25735.2402009063,1.00295996665955,96.0487213134766,14.2927,94.55098,3.40377998352051,5.4,5.4,13.669,100.0,3.099,5.5,0.0076343188993632,-0.447204262018204,-0.0745044872164726,-0.1713581434451044,"Q2
(저소득)",10.155616545670897,33.762220142818535,-24.91536879394158,Positive
SVK,Slovak Republic,2021,22.12482261657715,87.2131343,39518.2209359245,0.996540009975433,100.707176208496,15.53919,83.09318,4.65688991546631,6.4,6.2,24.59,100.0,3.697,6.459999999999999,0.229512304067612,0.292565286159515,0.603365182876587,0.3751475910345713,"Q3
(중소득)",10.584517134044988,23.16840912655084,-1.043586509973693,Middle
SVN,Slovenia,2021,7.218116283416748,90.37794678,47977.4268117652,0.998000025749207,97.4238586425781,13.80157,98.26288,5.28065013885498,1.62,2.3,3.496,100.0,3.367,4.24,1.03929400444031,0.776647090911865,1.03880786895752,0.9515829881032316,"Q3
(중소득)",10.778485904521283,18.377395653537405,-11.159279370120657,Middle
SWE,Sweden,2021,5.272164821624756,95.70327461,62662.7652797761,1.0529899597168,99.6335906982422,12.23325,99.18177,7.31909990310669,4.0200000000000005,2.4,1.792,100.0,4.408,0.2199999999999999,1.60138332843781,2.0282461643219,1.60402345657349,1.7445509831110666,"Q4
(고소득)",11.045522695032195,11.781607795592492,-6.509442973967737,Middle
TCD,Chad,2019,94.4105453491211,12.03590012,2433.09879153397,0.80009001493454,41.849262823527,56.88788,73.15289,3.20149725837724,31.9,100.6,134.738,12.0,0.085,60.6,-1.4791487455368,-1.48240697383881,-1.35423922538757,-1.43859831492106,"Q1
(최저소득)",7.796920946782009,92.02181711435904,2.3887282347620555,Middle
TGO,Togo,2019,81.65792083740234,37.57020187,2842.23076240747,0.964990019798279,87.3158245775118,40.14504,90.73097,4.14281885166484,23.8,58.1,77.05,59.2,0.08,24.8,-0.578052043914795,-0.619174957275391,-0.527499735355377,-0.5749089121818544,"Q1
(최저소득)",7.952344502548442,88.18286743255118,-6.524946595148833,Middle
TTO,Trinidad and Tobago,2016,20.64458274841309,81.9681015,31196.603554718,0.9927006959915164,91.5974807739258,14.578098,93.41301,3.23358011245727,10.16,19.3,35.994,98.7,4.157,4.2,-0.0436432547867298,-0.374148547649384,-0.283585637807846,-0.2337924800813199,"Q3
(중소득)",10.348064507446143,29.008770525876912,-8.364187777463822,Middle
TUR,Turkiye,2021,18.50908851623535,85.96074155,35069.1701714685,0.985870003700256,90.6154174804688,16.97782,87.90006,3.09571003913879,6.0,13.8,12.055,100.0,2.236,14.7,-0.247911587357521,-0.50248908996582,-0.511972904205322,-0.4207911938428876,"Q3
(중소득)",10.465077680791783,26.118554288271127,-7.609465772035776,Middle
URY,Uruguay,2019,43.61836624145508,90.92590332,31059.2537072459,0.9896399974823,101.1690082913,11.0193,99.3775,4.76461982727051,6.9,7.4,26.188,100.0,4.674,9.44,0.850249707698822,1.57394731044769,0.717662572860718,1.0472865303357433,"Q3
(중소득)",10.343652068958956,29.117757411699017,14.500608829756061,Negative
USA,United States,2021,9.691570281982422,93.52559662,74158.7164155605,0.995100021362305,95.743522644043,14.19857,94.62633,5.42038011550903,3.8,6.5,13.145,100.0,3.681,0.18,1.21720099449158,1.12343263626099,1.3276778459549,1.2227704922358231,"Q4
(고소득)",11.213962891777655,7.621148098792219,2.070422183190203,Middle
UZB,Uzbekistan,2021,32.36526107788086,89.01361047,10007.685502618,0.979889988899231,96.0921933647617,21.50664,94.59704,5.47287597270024,6.5,13.7,34.081,100.0,2.805,3.4,-0.283767521381378,-0.807529330253601,-0.832810997962952,-0.6413692831993103,"Q2
(저소득)",9.211108627054463,57.091491923773845,-24.726230845892985,Positive
VNM,Viet Nam,2019,18.12091636657715,78.08,13545.9346616752,1.01944005489349,100.779516746248,20.27696,91.488794,2.88738689372749,18.2,17.8,34.277,99.8,1.107,14.6,0.126466900110245,-0.415814280509949,-0.0854718759655952,-0.1249397521217663,"Q2
(저소득)",9.513841756322732,49.61400728802391,-31.493090921446765,Positive
XKX,Kosovo,2021,37.9216194152832,89.4430319734879,14240.2030320365,0.9872390866279588,98.250455081038,21.858697999999997,93.241866,3.67021549848941,18.1,9.1,7.834,96.36,1.2852,14.16,-0.1072542369365692,-0.5111470520496367,-0.3297529429197311,-0.3160514106353123,"Q2
(저소득)",9.563824442732056,48.37943883962649,-10.457819424343285,Middle
ZAF,South Africa,2021,82.01705169677734,78.33670044,13695.3755694076,0.959590017795563,95.3327484577974,30.3322,87.01258,6.12347984313965,21.3,34.8,51.56,87.7,0.794,3.6,-0.256946682929993,-0.284670442342758,0.0862350836396217,-0.1517940138777097,"Q2
(저소득)",9.524813505155223,49.34300594925219,32.674045747525156,Negative
ZMB,Zambia,2019,98.50421142578124,16.45070076,3673.4841969922,1.02419996261597,65.08485606460422,42.05996,83.16745,4.07374933049157,34.6,49.1,115.907,51.1,0.324,29.0,-0.658970057964325,-0.477706879377365,-0.529127418994904,-0.5552681187788647,"Q1
(최저소득)",8.208895863157027,81.8460688738065,16.658142551974734,Negative
