Country_Code,Country_Name,LP_Year,Learning_Poverty,F5_Internet_Usage,F1_GDP_per_capita,F8_Gender_Parity_Index,F7_Completion_Rate,F3_Pupil_Teacher_Ratio,F6_Net_Enrollment,F2_Gov_Edu_Exp,F4_Stunting_Rate,C1_Region,C2_IncomeLevel,Learning_Poverty_Log
ALB,Albania,2021,10.236815452575684,83.13559161,20481.0358398226,1.01776003837585,95.1351520460518,17.57287,94.52966,3.09153008460998,11.3,ECS,UMC,2.419195481597496
ARE,United Arab Emirates,2021,25.91624641418457,100.0,70239.8552855072,1.00943005084991,99.1737916980463,24.52278,95.02753,3.89404010772705,4.493410031832129,MEA,HIC,3.2927300602174605
ARG,Argentina,2019,59.14719009399414,89.22897166,27230.3968496682,1.00501000881195,98.9436486948575,13.916782701099446,99.184,5.00324010848999,8.7,LCN,UMC,4.096794726350193
ARM,Armenia,2019,27.241146087646484,79.99663036,19402.7510915578,1.00578999519348,94.3309098054628,15.41859,90.72273,2.43869996070862,9.4,ECS,UMC,3.3407799956417126
AUS,Australia,2021,9.063639640808104,96.1160965,60684.9596204883,0.998040020465851,97.39545797876109,12.632301282098323,96.38096,5.05915021896362,3.385106081458328,EAS,HIC,2.308928892561056
AUT,Austria,2021,14.969030380249023,95.33467117,64536.2981841434,0.994930028915405,98.030403137207,10.01653,88.61718,5.27749013900757,9.984625857928414,ECS,HIC,2.770651245308484
AZE,Azerbaijan,2021,37.54677200317383,89.0,21310.7386915022,1.01040995121002,96.2334128073598,15.42982,92.42467,3.66036009788513,6.6,ECS,UMC,3.65187236117711
BDI,Burundi,2019,95.81885528564452,7.172299862,1036.16712196238,1.01317000389099,47.609493213452,42.52383,92.8047,4.87114173892375,58.0,SSF,LIC,4.572841761322924
BEL,Belgium,2021,8.52700424194336,94.62625074,63095.4017281289,1.01420998573303,100.17238091717216,11.27695,98.76482,6.27611017227173,1.9,ECS,HIC,2.2541303179794356
BEN,Benin,2019,55.77610397338867,32.39400101,3721.21254814808,0.925650000572205,61.6417503356934,39.19712,97.21103,3.22974322056608,34.1,SSF,LMC,4.039115532512196
BFA,Burkina Faso,2019,73.86119079589844,25.36120033,2486.20669812871,1.01706540584564,51.6947761170006,39.72173,78.64517,5.32757840997187,21.1,SSF,LIC,4.315635609321428
BGD,Bangladesh,2022,51.220001220703125,44.50274195,8242.39798977242,1.01849806308746,98.0281882152568,30.05459,91.70238686223017,2.16213826344701,23.6,SAS,LMC,3.9554655866471435
BGR,Bulgaria,2021,18.185699462890625,80.38956462,33073.8179631314,0.994620025157928,94.4560775756836,15.20744,86.4454,4.50109004974365,17.439229334916615,ECS,HIC,2.9541651818766654
BHR,Bahrain,2021,30.165699005126957,100.0,57819.9051831242,0.994170010089874,88.56187958298,11.92315,96.71489,1.88778167912993,2.3510373691309834,MEA,HIC,3.4393180991806926
BRA,Brazil,2019,46.89786148071289,84.15060238,19079.8122132253,0.952139973640442,95.45505806241366,20.22308,96.29925,5.61920976638794,8.0,LCN,UMC,3.86907085792363
CAN,Canada,2016,4.3018574714660645,94.14530182,57517.4431587432,0.993439972400665,91.75976765169452,12.506551929912373,99.8825,4.84426021575928,2.3532413312426104,NAC,HIC,1.6680572254734543
CHL,Chile,2019,27.1904296875,94.45742345,29563.6780243659,0.967980027198792,100.907341003418,17.79358,94.74067,4.91201019287109,9.693907806851982,LCN,HIC,3.3389825475604047
CHN,China,2016,18.200000762939453,90.6,22687.0758723942,1.00856995582581,103.08394067263441,16.42675,95.61022773488575,3.89714002609253,4.8,EAS,UMC,2.954910318770165
CIV,Cote d'Ivoire,2019,79.88542175292969,40.65284979,6520.89886460031,0.956358850002289,75.870809116479,41.8223,90.32837,3.39421010017395,23.4,SSF,LMC,4.393033606997274
CMR,Cameroon,2019,71.9326171875,42.24380112,4875.25120768005,0.901210010051727,72.2156986466489,44.83412,92.87395,2.83907623667935,28.9,SSF,LMC,4.289535962647322
COD,"Congo, Dem. Rep.",2019,96.60150146484376,18.96789932,1559.33806475859,0.947830021381378,75.7079315185547,33.19793,84.67624913004992,2.84466514463005,44.7,SSF,LIC,4.580892877161821
COG,"Congo, Rep.",2019,70.0140151977539,43.15039825,6172.28776650683,0.972339987754822,71.1370697021484,35.3974770891593,85.20065523382812,3.34005209256916,22.398331730919644,SSF,LMC,4.262877254712524
COL,Colombia,2019,51.35694122314453,77.33686322,18382.9976800475,0.966480016708374,97.1171035766602,23.3015,92.91999,5.26166009902954,12.7,LCN,UMC,3.9580845211371334
CRI,Costa Rica,2019,34.02406692504883,85.39514799,25979.6286150717,0.99126672744751,100.666328430176,12.2047,97.33255,5.31208992004395,9.0,LCN,HIC,3.556035451612648
CYP,Cyprus,2021,10.24965763092041,91.22110357,51453.7265625,0.99371999502182,101.446708679199,12.03922,97.49342,4.74210977554321,1.9365554401380614,ECS,HIC,2.420337695380267
CZE,Czechia,2021,14.206607818603516,85.99404818,47558.4106763314,1.00294995307922,98.7293701171875,11.958010237474038,89.3503,4.30291986465454,2.7958930221929186,ECS,HIC,2.7217300582948605
DEU,Germany,2021,15.439902305603027,92.4763763,63039.3719696432,1.0077600479126,99.2837371826172,12.30285,90.14286,5.23916006088257,1.3,ECS,HIC,2.7997114471288094
DNK,Denmark,2021,5.136589050292969,98.77559197,69379.22000847,0.999549984931946,99.2550430297852,16.967788780205193,98.53748,6.35586023330688,4.618425499430361,ECS,HIC,1.8142690585272494
DOM,Dominican Republic,2019,77.71785736083984,86.12689972,23282.4895071054,0.970000028610229,91.6880720478921,18.92322,92.71356,3.7606477375256,6.7,LCN,UMC,4.365870033888302
ECU,Ecuador,2019,65.93712615966797,72.6943146,14343.0190134813,1.01957535743713,100.199679503356,24.26216,90.94167,3.81964993476868,17.5,LCN,UMC,4.203753763276113
EGY,"Egypt, Arab Rep.",2021,56.1192741394043,74.01190186,16691.387399222,1.00809001922607,93.8413993972316,23.67945,97.03257,3.328329465456992,12.8,MEA,LMC,4.045141610307104
ESP,Spain,2021,7.300080299377441,95.44564516,47322.5937004504,1.01031005382538,99.5605087280273,13.13172,97.27171,4.58553981781006,2.4640819728224086,ECS,HIC,2.1162651893795417
ETH,Ethiopia,2015,90.38964080810548,20.33749962,2757.95923634026,0.912419974803925,55.0561499631858,40.48657371342148,84.62346,2.9272447768927,36.8,SSF,INX,4.5151321329569365
FIN,Finland,2021,4.781126976013184,93.51385075,56250.8787899319,0.997009992599487,98.9240798950195,13.66688,98.62944,6.37578010559082,2.8,ECS,HIC,1.754598642227433
FRA,France,2021,6.636741638183594,86.83635789,54296.7230897731,0.992519974708557,98.68843017767533,15.118080078936593,98.92727,5.32434988021851,1.3585647502740226,ECS,HIC,2.0329710250581745
GAB,Gabon,2019,30.67756080627441,68.19789886,18701.4227766897,0.967231214046478,96.07512290367602,20.980000063145333,94.20878713492915,2.31594287726056,14.4,SSF,UMC,3.455608569230538
GBR,United Kingdom,2021,3.3939032554626465,95.44719696,52592.6822066393,0.997720003128052,101.071876525879,15.13275,99.49182,5.90681982040405,2.0,ECS,HIC,1.480217956301426
GEO,Georgia,2021,13.526374816894531,81.88425624,22590.5293649146,1.00732004642487,106.243340748079,8.98194,96.43624,3.70918011665344,5.8,ECS,UMC,2.6759659500243234
GIN,Guinea,2019,82.6748275756836,32.31560135,3904.82395527998,0.848070025444031,59.8791389465332,47.14862,76.01588,1.72470879088585,26.1,SSF,LMC,4.426938186452107
GTM,Guatemala,2019,78.51618957519531,56.72669983,12384.948508094,0.984549999237061,85.8256653187583,20.26228,86.88631,3.10877990722656,46.0,LCN,UMC,4.375960643383263
HKG,"Hong Kong SAR, China",2021,5.390165328979492,95.97781908,64434.5576690871,1.042799949646,105.857142857143,13.34788,95.45476,3.80328011512756,10.06757494739755,EAS,HIC,1.8547601411344738
HND,Honduras,2019,79.2916030883789,58.0685997,6467.8800352783,0.9602870856667227,73.4535986087997,25.59773,80.09489,4.54962037172702,18.7,LCN,LMC,4.385665046224433
HRV,Croatia,2021,3.890544176101685,83.24117599,41320.2032633085,1.00203001499176,100.516410827637,13.50611,88.0407,4.0916600227356,3.27882644218812,ECS,HIC,1.5873035807516134
HUN,Hungary,2021,9.155691146850586,91.4500713,40333.2546888118,0.979170024394989,96.809211730957,10.76744,90.83399,3.8011999130249,5.5351141579870315,ECS,HIC,2.318034252475185
IDN,Indonesia,2015,52.82275390625,69.20836554,13889.9749067297,0.967230021953583,99.9521715181012,17.03493,93.4963,1.27517088245674,22.0,EAS,UMC,3.9856963128163243
IND,India,2017,56.070560455322266,60.25230026,9301.75603225735,1.01563942432404,93.4889604461665,32.74955,86.48317957980584,4.09865814174589,35.5,SAS,LMC,4.0442884049896595
IRL,Ireland,2021,2.330512762069702,96.8660965,117862.128878959,0.996510028839111,93.7389526367188,12.405559909025575,95.78041,2.90461993217468,6.041469812734357,ECS,HIC,1.2031262747417624
IRN,"Iran, Islamic Rep.",2021,41.53630065917969,83.71050262,17044.8173461033,1.06061995029449,97.4371566772461,28.52479,99.70291,2.82443290958712,4.8,MEA,UMC,3.7503578445233914
ISR,Israel,2021,14.399215698242188,87.03842615,47527.151024672,1.01163995265961,96.9190902709961,12.07069,97.01884,5.93291997909546,2.7472346636562923,MEA,HIC,2.7343165794371016
ITA,Italy,2021,5.496755599975586,87.0278292,52870.3261442897,0.999210000038147,97.3619613647461,11.48066,95.65574,4.06775999069214,1.8773684884722024,ECS,HIC,1.871302913825226
JOR,Jordan,2021,62.24605178833008,92.53443944,9381.35436036929,0.987789988517761,97.1706496556539,18.53699,80.8644,3.51486315596325,8.2,MEA,LMC,4.1470327033403835
JPN,Japan,2019,3.595027446746826,85.00990295,45858.6595131439,1.00253999233246,100.73220865192204,15.66096,95.63879604063455,3.33663988113403,1.3905600344642324,EAS,HIC,1.524974728966487
KAZ,Kazakhstan,2021,10.414955139160156,92.87846096,34703.2349286604,0.997829973697662,103.073237596239,17.21457,86.85584,4.86469984054565,8.0,ECS,UMC,2.4349243499836866
KEN,Kenya,2023,79.28633880615234,32.07040024,5691.82513474417,0.970903754234314,102.200240064297,30.65055,83.67511380642526,3.96229304413263,17.6,SSF,LMC,4.385599479532441
KHM,Cambodia,2019,90.00334930419922,68.92549896,6695.29194763723,0.981125771999359,87.630151233724,41.7035,90.26554,2.1809128340295,21.9,EAS,LMC,4.510896311380193
KOR,"Korea, Rep.",2019,3.2300806045532227,97.41597478,54029.3434990785,0.998160004615784,98.2711029052734,16.28669,97.25516,5.40910005569458,0.9,EAS,HIC,1.4422210483265683
KWT,Kuwait,2016,51.0825309753418,99.74731125,47777.4012284844,1.15374994277954,80.4330430689574,8.88073,82.63321,5.0262608311279,3.2,MEA,HIC,3.9528295945563015
LAO,Lao PDR,2019,97.71728515625,64.39800262,8372.15591874407,0.972314178943634,88.83898879882,22.33717,91.46712,1.23375160355741,32.8,EAS,LMC,4.592260059335761
LKA,Sri Lanka,2015,14.806066513061523,51.2,13024.9404319855,1.00074994564056,94.542850980354,21.73735,99.10711,1.82774571561927,10.3,SAS,LMC,2.7603938228633593
LSO,Lesotho,2016,96.89913940429688,48.98590088,2595.82951058542,0.951355755329132,66.9579010009766,32.94806,93.31062,7.29011355590957,34.6,SSF,LMC,4.583937758939062
LTU,Lithuania,2021,3.275724411010742,88.50287484,46159.7081733083,1.00065994262695,105.190582275391,13.51703,98.17529,4.25285005569458,1.0,ECS,HIC,1.452953540901218
LVA,Latvia,2021,8.437901496887207,92.18791291,37277.7217221317,1.00128996372223,97.5514907836914,11.53684,96.30354,4.3196702003479,0.5,ECS,HIC,2.2447336563867526
MAC,"Macao SAR, China",2021,7.189741611480713,89.82640076,104815.20003062,0.978659987449646,89.5238095238095,13.49843,96.39553,3.50183010101318,5.241864855838169,EAS,HIC,2.102882348097535
MAR,Morocco,2021,59.7595329284668,91.0,8915.3515625,0.972779989242554,104.762394206542,26.80065,99.09904,6.02096928801329,14.2,MEA,LMC,4.106923990543102
MDG,Madagascar,2019,95.24203491210938,18.24080086,1629.46097248642,1.01724004745483,58.3078522383415,39.81169,95.60378,3.04770386693564,39.8,SSF,LIC,4.566866215583676
MEX,Mexico,2019,47.63417816162109,81.18318755,21917.24858366,1.00940001010895,103.764976501465,26.55228,95.30064,4.05987977981567,12.5,LCN,UMC,3.884326538093322
MKD,North Macedonia,2021,33.02886962890625,88.5,23455.319400522,0.999520003795624,95.7642974853516,14.91335,94.8883,3.7882539003977658,4.3,ECS,UMC,3.52720927106151
MLT,Malta,2021,10.160184860229492,92.07266941,60418.3949311068,0.996710002422333,97.1002807617188,12.93931,99.53764,4.71258020401001,3.3,MEA,HIC,2.412352521352667
MMR,Myanmar,2019,89.46794128417969,45.4477005,5364.13797034429,0.95550000667572,105.356811523438,24.3599,97.93192,1.99976003170013,26.7,EAS,LMC,4.504995547994271
MNE,Montenegro,2021,15.811262130737305,88.5515976,27243.51720726,1.00494003295898,106.734153747559,13.926030486716696,96.54847,4.989367784681099,7.2,ECS,UMC,2.822049026739854
MYS,Malaysia,2019,42.025634765625,97.69272633,32857.6676600774,1.0134334564209,91.8132677411604,11.6556,99.64564,3.51481008529663,21.2,EAS,UMC,3.7617960954024854
NER,Niger,2019,90.43682098388672,12.98079967,1689.56425367067,0.912519991397858,45.7957488996882,36.33661,65.12458,4.07412707618114,47.7,SSF,LIC,4.515648252739227
NIC,Nicaragua,2019,78.90349578857422,60.30120087,7496.5292687685,0.993812501430511,81.7195205688477,32.4379251768288,89.88397473251952,2.86954998970032,24.224556329301475,LCN,LMC,4.380819603862373
NLD,Netherlands,2021,4.4913740158081055,97.00680272,70198.9297909022,0.998040020465851,99.27967478592576,11.80592,98.64765,5.17918014526367,4.487064056617581,ECS,HIC,1.70317850031108
NOR,Norway,2021,4.294078350067139,99.00000258,90085.4382059786,1.00313997268677,98.9264831542969,8.59418,99.88251,5.43234014511108,4.755030395244286,ECS,HIC,1.666588903481404
NZL,New Zealand,2021,10.861350059509276,93.32610321,49508.2697230172,1.0025600194931,94.7485438972356,14.91552,99.11677,5.21326017379761,1.9874133319034177,EAS,HIC,2.473285220101994
OMN,Oman,2021,40.61376190185547,95.25170135,37793.6164427762,0.996529996395111,86.5904581737646,9.67394,86.25355,4.38311004638672,11.4,MEA,HIC,3.7284309275084664
PAK,Pakistan,2019,79.54325103759766,18.935,5418.7693189297,0.881079971790314,68.6482822316824,44.0773,67.5748,1.94658005237579,37.6,MEA,LMC,4.38879432011147
PAN,Panama,2019,78.51261138916016,68.54851592,35872.9506479276,0.989219427108765,93.2789665970772,21.96162,86.23979,2.47225999832153,15.9,LCN,HIC,4.375915642905185
PER,Peru,2019,44.44244384765625,79.48484477,15327.5819994558,0.970359981060028,94.9881591796875,17.38724,95.65167,4.24538993835449,11.5,LCN,UMC,3.816446554825336
PHL,Philippines,2019,90.91326141357422,77.86699677,9898.53294588746,0.976957738399506,77.2485372465695,29.08352,93.7756,3.6236863467978,26.7,EAS,LMC,4.520845321601442
POL,Poland,2021,5.55067777633667,86.414744,43672.7668014946,0.96372002363205,94.6803894042969,10.18051,95.78475,4.31372976303101,1.0,ECS,HIC,1.8795685215970621
PRT,Portugal,2021,7.977720737457275,85.79012676,41768.2549192626,0.988300025463104,104.516647338867,12.35346,97.56411,4.55160999298096,3.2,ECS,HIC,2.194746034669601
PRY,Paraguay,2019,77.74401092529297,78.09481878,15826.087501295,0.969376385211945,90.271367469734,21.40633704072466,95.76568385078026,3.393709897995,5.6,LCN,UMC,4.36620222307135
QAT,Qatar,2021,21.058874130249023,98.15229797,116563.992526162,1.02335000038147,93.1810913085938,12.1676,94.09431,3.23368000984192,6.2,MEA,HIC,3.093714975816186
RUS,Russian Federation,2021,3.764247417449951,92.24496346,39887.33984375,0.990400016307831,100.024342021158,21.25883,95.09612,4.16454853394225,6.067203192602845,ECS,HIC,1.56113958495766
SAU,Saudi Arabia,2021,32.40557861328125,100.0,64481.8441927288,1.01462996006012,119.840624867605,13.81495,94.5456,4.48087978363037,10.8,MEA,HIC,3.508722910385379
SEN,Senegal,2019,68.56822967529297,59.18740082,4304.76148720232,1.16403996944427,61.5314165000969,36.31817,75.3821,6.16277045366329,17.5,SSF,LMC,4.242307992943573
SGP,Singapore,2021,3.3700108528137207,94.28518987,129555.245509242,0.999549984931946,96.8465629805147,14.69428,99.66959,2.1037700176239,5.419862652555195,EAS,HIC,1.4747654925858156
SLV,El Salvador,2019,69.07362365722656,62.61989975,11424.6459176917,0.9855300578395526,80.8345580048987,26.89473,80.99537,3.18734002113342,10.0,LCN,UMC,4.249546455862268
SRB,Serbia,2021,8.846851348876953,85.35746686,25735.2402009063,1.00295996665955,96.0487213134766,14.2927,94.55098,3.40377998352051,5.4,ECS,UMC,2.287151744069353
SVK,Slovak Republic,2021,22.12482261657715,87.2131343,39518.2209359245,0.996540009975433,100.707176208496,15.53919,83.09318,4.65688991546631,6.475500830059036,ECS,HIC,3.1409066127345677
SVN,Slovenia,2021,7.218116283416748,90.37794678,47977.4268117652,0.998000025749207,97.4238586425781,13.80157,98.26288,5.28065013885498,2.8143842713222273,ECS,HIC,2.1063410202049586
SWE,Sweden,2021,5.272164821624756,95.70327461,62662.7652797761,1.0529899597168,99.6335906982422,12.23325,99.18177,7.31909990310669,2.571103765950638,ECS,HIC,1.8361215616608497
TCD,Chad,2019,94.4105453491211,12.03590012,2433.09879153397,0.80009001493454,41.849262823527,56.88788,73.15289,3.20149725837724,31.9,SSF,LIC,4.558189110596084
TGO,Togo,2019,81.65792083740234,37.57020187,2842.23076240747,0.964990019798279,87.3158245775118,40.14504,90.73097,4.14281885166484,23.8,SSF,LIC,4.414710655578301
TUR,Turkiye,2021,18.50908851623535,85.96074155,35069.1701714685,0.985870003700256,90.6154174804688,16.97782,87.90006,3.09571003913879,6.0,ECS,UMC,2.97088043474486
URY,Uruguay,2019,43.61836624145508,90.92590332,31059.2537072459,0.9896399974823,101.1690082913,11.0193,99.3775,4.76461982727051,6.9,LCN,HIC,3.7981455733957885
USA,United States,2021,9.691570281982422,93.52559662,74158.7164155605,0.995100021362305,95.743522644043,14.19857,94.62633,5.42038011550903,3.8,NAC,HIC,2.3694556068575627
UZB,Uzbekistan,2021,32.36526107788086,89.01361047,10007.685502618,0.979889988899231,96.0921933647617,21.50664,94.59704,5.47287597270024,6.5,ECS,LMC,3.5075152712277236
VNM,Viet Nam,2019,18.12091636657715,78.08,13545.9346616752,1.01944005489349,100.779516746248,20.27696,90.45500152895748,2.88738689372749,18.2,EAS,LMC,2.950782833597023
ZAF,South Africa,2021,82.01705169677734,78.33670044,13695.3755694076,0.959590017795563,95.3327484577974,30.3322,87.01258,6.12347984313965,21.3,SSF,UMC,4.419046028826101
ZMB,Zambia,2019,98.50421142578124,16.45070076,3673.4841969922,1.02419996261597,62.232568347649455,42.05996,83.16745,4.07374933049157,34.6,SSF,LMC,4.600199969156081
